{"stats":{"minecraft:used":{"cgm:mini_gun":46,"cgm:workbench":1,"cgm:assault_rifle":9,"minecraft:crafting_table":1,"cgm:pistol":10},"minecraft:custom":{"minecraft:jump":20,"minecraft:time_since_rest":14716,"minecraft:crouch_one_cm":13,"minecraft:play_one_minute":14716,"minecraft:leave_game":2,"minecraft:sprint_one_cm":248,"minecraft:damage_taken":20,"minecraft:time_since_death":14716,"minecraft:walk_one_cm":1877,"minecraft:sneak_time":189,"minecraft:fall_one_cm":900,"minecraft:interact_with_crafting_table":1,"minecraft:fly_one_cm":19153}},"DataVersion":2586}