{
  "dungeons_arise:wda_root": {
    "criteria": {
      "WDA": "2024-06-01 02:04:37 +0000"
    },
    "done": true
  },
  "relics:obtain/root": {
    "criteria": {
      "obtain_relic": "2024-06-01 02:11:17 +0000"
    },
    "done": true
  },
  "relics:obtain/magma_walker": {
    "criteria": {
      "obtain_relic": "2024-06-01 02:11:17 +0000"
    },
    "done": true
  },
  "iceandfire:iceandfire/root": {
    "criteria": {
      "tick": "2024-06-01 02:04:37 +0000"
    },
    "done": true
  },
  "mowziesmobs:root": {
    "criteria": {
      "custom_test_name": "2024-06-01 02:04:37 +0000"
    },
    "done": true
  },
  "cataclysm:root": {
    "criteria": {
      "custom_test_name": "2024-06-01 02:04:37 +0000"
    },
    "done": true
  },
  "minecraft:adventure/adventuring_time": {
    "criteria": {
      "minecraft:cold_ocean": "2024-06-01 02:05:54 +0000",
      "minecraft:wooded_hills": "2024-06-01 02:04:37 +0000"
    },
    "done": false
  },
  "minecraft:story/root": {
    "criteria": {
      "crafting_table": "2024-06-01 02:10:24 +0000"
    },
    "done": true
  },
  "DataVersion": 2586
}